{
  "domain": "travel",
  "prompt": "버스 좌석에 앉아 창가에 기대어 졸면서 갔다., medium shot, eye-level, soft window light",
  "seed": {
    "A": 42,
    "B": 137
  },
  "latencies": {
    "A": [
      4.148260500001925,
      2.3430736000009347,
      2.431436000002577
    ],
    "B": [
      2.2557199000002583,
      3.514307199999166,
      2.3083282000006875
    ]
  },
  "p95": {
    "A": 2.431436000002577,
    "B": 2.3083282000006875
  }
}